Data,Data di arrivo stimata,Tipo,Codice di Conferma,Data di prenotazione,Data di inizio,Data di fine,Notti,Ospite,Annuncio,Dettagli,Codice di riferimento,Valuta,Importo,Corrisposto,Costi del servizio,Commissione per Pagamento rapido,Spese di pulizia,Guadagni lordi,Tassa versata da Airbnb,Annualità guadagni
07/03/2026,07/10/2026,Payout,,,,,,,,"Trasferimento a Rosa Amico, IBAN 6047 (EUR)",G-NMJAEJFEEZIZYYZ2Z2ICDD6P3JUSO6SV,EUR,,62.54,,,,,,
07/03/2026,,Ritenuta fiscale per il reddito italiano,HM385ZWKYR,07/01/2026,07/02/2026,07/04/2026,2,Mouayed Arebi,Massimo's room,,,EUR,-17.43,,0.00,,0.00,,0.00,2026
07/03/2026,,Prenotazione,HM385ZWKYR,07/01/2026,07/02/2026,07/04/2026,2,Mouayed Arebi,Massimo's room,,,EUR,79.97,,"3,04",,10.00,82.46,8.00,2026
06/29/2026,07/06/2026,Payout,,,,,,,,"Trasferimento a Rosa Amico, IBAN 6047 (EUR)",G-Q76LG2VHBJXYOACJXUBXPH4BUQT3L5MO,EUR,,216.71,,,,,,
06/29/2026,,Ritenuta fiscale per il reddito italiano,HMY2Y5ZZNR,06/17/2026,06/28/2026,07/05/2026,7,Dervişe Adal,Cathedral's room,,,EUR,-60.41,,0.00,,0.00,,0.00,2026
06/29/2026,,Prenotazione,HMY2Y5ZZNR,06/17/2026,06/28/2026,07/05/2026,7,Dervişe Adal,Cathedral's room,,,EUR,277.12,,"10,53",,15.00,287.65,16.00,2026
06/25/2026,07/02/2026,Payout,,,,,,,,"Trasferimento a Rosa Amico, IBAN 6047 (EUR)",G-ZULCQGUMDZCQ7AW4I4HCCL2XN2IVTB63,EUR,,61.03,,,,,,
06/25/2026,,Prenotazione,HMRSTFR5X4,06/21/2026,06/24/2026,06/26/2026,2,Zarina Zarina,Massimo's room,,,EUR,78.04,,"2,96",,10.00,81.00,8.00,2026
06/25/2026,,Ritenuta fiscale per il reddito italiano,HMRSTFR5X4,06/21/2026,06/24/2026,06/26/2026,2,Zarina Zarina,Massimo's room,,,EUR,-17.01,,0.00,,0.00,,0.00,2026
06/21/2026,06/26/2026,Payout,,,,,,,,"Trasferimento a Rosa Amico, IBAN 6047 (EUR)",G-U3U4EYVHO4HU63LL2SDUKROLIDIE3VC7,EUR,,122.80,,,,,,
06/21/2026,,Ritenuta fiscale per il reddito italiano,HM4QYQENH5,06/19/2026,06/20/2026,06/24/2026,4,Yasemin Oztoprak,Massimo's room,,,EUR,-34.23,,0.00,,0.00,,0.00,2026
06/21/2026,,Prenotazione,HM4QYQENH5,06/19/2026,06/20/2026,06/24/2026,4,Yasemin Oztoprak,Massimo's room,,,EUR,157.03,,"5,97",,15.00,163.00,16.00,2026
06/16/2026,06/23/2026,Payout,,,,,,,,"Trasferimento a Rosa Amico, IBAN 6047 (EUR)",G-RSPO5UVQBXMVX476IQSLBRRYPWZM2VH4,EUR,,26.37,,,,,,
06/16/2026,,Ritenuta fiscale per il reddito italiano,HMKSYAHCPC,06/13/2026,06/15/2026,06/19/2026,4,Léo Fiore,Massimo's room,,,EUR,-7.35,,0.00,,0.00,,0.00,2026
06/16/2026,,Prenotazione,HMKSYAHCPC,06/13/2026,06/15/2026,06/19/2026,4,Léo Fiore,Massimo's room,,,EUR,33.72,,"1,28",,0.00,35.00,4.32,2026
06/16/2026,06/23/2026,Payout,,,,,,,,"Trasferimento a Rosa Amico, IBAN 6047 (EUR)",G-EODKHXFIULYAY37F6Z6KR3PSOPUHVAVH,EUR,,128.83,,,,,,
06/16/2026,,Ritenuta fiscale per il reddito italiano,HM3SKH2TT9,06/12/2026,06/15/2026,06/19/2026,4,Habil Ghulami,Cathedral's room,,,EUR,-35.91,,0.00,,0.00,,0.00,2026
06/16/2026,,Prenotazione,HM3SKH2TT9,06/12/2026,06/15/2026,06/19/2026,4,Habil Ghulami,Cathedral's room,,,EUR,164.74,,"6,26",,15.00,171.00,16.00,2026
06/16/2026,06/23/2026,Payout,,,,,,,,"Trasferimento a Rosa Amico, IBAN 6047 (EUR)",G-OFQS4LS4KM44SKCTFZKP4GLIK2NFV347,EUR,,100.20,,,,,,
06/16/2026,,Ritenuta fiscale per il reddito italiano,HMKSYAHCPC,06/13/2026,06/15/2026,06/19/2026,4,Léo Fiore,Massimo's room,,,EUR,-27.93,,0.00,,0.00,,0.00,2026
06/16/2026,,Prenotazione,HMKSYAHCPC,06/13/2026,06/15/2026,06/19/2026,4,Léo Fiore,Massimo's room,,,EUR,128.13,,"4,87",,15.00,133.00,16.42,2026
06/11/2026,06/18/2026,Payout,,,,,,,,"Trasferimento a Rosa Amico, IBAN 6047 (EUR)",G-CACBIZGKCAYDCGD3PYCMSMACW6ZAFE56,EUR,,67.81,,,,,,
06/11/2026,,Ritenuta fiscale per il reddito italiano,HM9X2E2F8Y,06/03/2026,06/10/2026,06/12/2026,2,Jan Timmermans,Cathedral's room,,,EUR,-18.90,,0.00,,0.00,,0.00,2026
06/11/2026,,Prenotazione,HM9X2E2F8Y,06/03/2026,06/10/2026,06/12/2026,2,Jan Timmermans,Cathedral's room,,,EUR,86.71,,"3,29",,10.00,90.00,8.00,2026
06/05/2026,06/12/2026,Payout,,,,,,,,"Trasferimento a Rosa Amico, IBAN 6047 (EUR)",G-QEC4AOD4YZYNDSPSQCD6ZKJRESQZDE7K,EUR,,131.84,,,,,,
06/05/2026,,Prenotazione,HM5NC8SHKM,06/03/2026,06/04/2026,06/08/2026,4,Sekou Sissoko,Cathedral's room,,,EUR,168.59,,"6,41",,15.00,175.00,16.00,2026
06/05/2026,,Ritenuta fiscale per il reddito italiano,HM5NC8SHKM,06/03/2026,06/04/2026,06/08/2026,4,Sekou Sissoko,Cathedral's room,,,EUR,-36.75,,0.00,,0.00,,0.00,2026
06/03/2026,06/10/2026,Payout,,,,,,,,"Trasferimento a Rosa Amico, IBAN 6047 (EUR)",G-KT522T4LMTSU7VCA345ZX3RY35FLP55L,EUR,,120.54,,,,,,
06/03/2026,,Prenotazione,HM9EQ9APER,05/31/2026,06/02/2026,06/06/2026,4,Adel Bennat,Massimo's room,,,EUR,154.14,,"5,86",,15.00,160.00,16.00,2026
06/03/2026,,Ritenuta fiscale per il reddito italiano,HM9EQ9APER,05/31/2026,06/02/2026,06/06/2026,4,Adel Bennat,Massimo's room,,,EUR,-33.60,,0.00,,0.00,,0.00,2026
05/29/2026,06/05/2026,Payout,,,,,,,,"Trasferimento a Rosa Amico, IBAN 6047 (EUR)",G-WX6W4SWI6I5A34JJ4Z74BUBHXMMRQM6R,EUR,,201.68,,,,,,
05/29/2026,,Prenotazione,HMXT55Z28C,05/19/2026,05/28/2026,06/04/2026,7,Pasquale Cordisco,Cathedral's room,,,EUR,257.90,,"9,80",,15.00,267.70,16.00,2026
05/29/2026,,Ritenuta fiscale per il reddito italiano,HMXT55Z28C,05/19/2026,05/28/2026,06/04/2026,7,Pasquale Cordisco,Cathedral's room,,,EUR,-56.22,,0.00,,0.00,,0.00,2026
05/25/2026,06/01/2026,Payout,,,,,,,,"Trasferimento a Rosa Amico, IBAN 6047 (EUR)",G-GLSNOHZCSMLFN6CLLUO742WIOAOEJQML,EUR,,195.25,,,,,,
05/25/2026,,Prenotazione,HM4KYSAB4T,05/19/2026,05/24/2026,05/31/2026,7,Arlly Mangelele,Massimo's room,,,EUR,249.67,,"9,48",,15.00,259.15,16.00,2026
05/25/2026,,Ritenuta fiscale per il reddito italiano,HM4KYSAB4T,05/19/2026,05/24/2026,05/31/2026,7,Arlly Mangelele,Massimo's room,,,EUR,-54.42,,0.00,,0.00,,0.00,2026
05/21/2026,05/28/2026,Payout,,,,,,,,"Trasferimento a Rosa Amico, IBAN 6047 (EUR)",G-TV3GC4IYCB2WPLJCJPRWNM2FUFSCK2AD,EUR,,150.68,,,,,,
05/21/2026,,Prenotazione,HM9XFKSDW3,05/19/2026,05/20/2026,05/25/2026,5,Sarah Grady,Cathedral's room,,,EUR,192.68,,"7,32",,15.00,200.00,16.00,2026
05/21/2026,,Ritenuta fiscale per il reddito italiano,HM9XFKSDW3,05/19/2026,05/20/2026,05/25/2026,5,Sarah Grady,Cathedral's room,,,EUR,-42.00,,0.00,,0.00,,0.00,2026
05/21/2026,05/28/2026,Payout,,,,,,,,"Trasferimento a Rosa Amico, IBAN 6047 (EUR)",G-WNOFUMDXEEHRTMC2ADNYJQSFZTILRQ7S,EUR,,123.56,,,,,,
05/21/2026,,Ritenuta fiscale per il reddito italiano,HMCY44M5HK,05/20/2026,05/20/2026,05/24/2026,4,David Geaney,Massimo's room,,,EUR,-34.44,,0.00,,0.00,,0.00,2026
05/21/2026,,Prenotazione,HMCY44M5HK,05/20/2026,05/20/2026,05/24/2026,4,David Geaney,Massimo's room,,,EUR,158.00,,"6,00",,15.00,164.00,16.00,2026
05/17/2026,05/22/2026,Payout,,,,,,,,"Trasferimento a Rosa Amico, IBAN 6047 (EUR)",G-IUCTW3ZKLK2WJAIUHAQW5APPPUW2SJLM,EUR,,119.80,,,,,,
05/17/2026,,Ritenuta fiscale per il reddito italiano,HMFQCMBHWQ,05/15/2026,05/16/2026,05/20/2026,4,Karl Thomason,Massimo's room,,,EUR,-33.39,,0.00,,0.00,,0.00,2026
05/17/2026,,Prenotazione,HMFQCMBHWQ,05/15/2026,05/16/2026,05/20/2026,4,Karl Thomason,Massimo's room,,,EUR,153.19,,"5,82",,15.00,159.00,15.99,2026
05/16/2026,05/22/2026,Payout,,,,,,,,"Trasferimento a Rosa Amico, IBAN 6047 (EUR)",G-2UUX7B5PLMELOM73SWWXGATELMUMTMZH,EUR,,124.31,,,,,,
05/16/2026,,Prenotazione,HMYQX9DXJR,05/10/2026,05/15/2026,05/19/2026,4,Oussama Bouarfa,Cathedral's room,,,EUR,158.96,,"6,04",,15.00,165.00,16.00,2026
05/16/2026,,Ritenuta fiscale per il reddito italiano,HMYQX9DXJR,05/10/2026,05/15/2026,05/19/2026,4,Oussama Bouarfa,Cathedral's room,,,EUR,-34.65,,0.00,,0.00,,0.00,2026
05/15/2026,05/22/2026,Payout,,,,,,,,"Trasferimento a Rosa Amico, IBAN 6047 (EUR)",G-3YACQ4L7EL4W7LS7S5C62UQMJB4Z7TPU,EUR,,61.78,,,,,,
05/15/2026,,Prenotazione,HMWQHTZYJJ,05/13/2026,05/14/2026,05/16/2026,2,Rami Barakat,Massimo's room,,,EUR,79.00,,"3,00",,10.00,82.00,8.00,2026
05/15/2026,,Ritenuta fiscale per il reddito italiano,HMWQHTZYJJ,05/13/2026,05/14/2026,05/16/2026,2,Rami Barakat,Massimo's room,,,EUR,-17.22,,0.00,,0.00,,0.00,2026
05/12/2026,05/19/2026,Payout,,,,,,,,"Trasferimento a Rosa Amico, IBAN 6047 (EUR)",G-Q4S4HKCCA5EDZHNBRGXICG4SXFA74NZP,EUR,,85.14,,,,,,
05/12/2026,,Prenotazione,HM2X4PD8J2,04/14/2026,05/11/2026,05/14/2026,3,Ct Foo,Cathedral's room,,,EUR,108.87,,"4,14",,20.00,113.00,12.00,2026
05/12/2026,,Ritenuta fiscale per il reddito italiano,HM2X4PD8J2,04/14/2026,05/11/2026,05/14/2026,3,Ct Foo,Cathedral's room,,,EUR,-23.73,,0.00,,0.00,,0.00,2026
05/07/2026,05/14/2026,Payout,,,,,,,,"Trasferimento a Rosa Amico, IBAN 6047 (EUR)",G-4HXG2EFNMVF2MWOIE2OT2CXBJJHSKIYH,EUR,,101.71,,,,,,
05/07/2026,,Prenotazione,HMA4ZWPZ5Z,05/06/2026,05/06/2026,05/09/2026,3,S M Kayum,Cathedral's room,,,EUR,130.06,,"4,94",,15.00,135.00,12.00,2026
05/07/2026,,Ritenuta fiscale per il reddito italiano,HMA4ZWPZ5Z,05/06/2026,05/06/2026,05/09/2026,3,S M Kayum,Cathedral's room,,,EUR,-28.35,,0.00,,0.00,,0.00,2026
05/03/2026,05/08/2026,Payout,,,,,,,,"Trasferimento a Rosa Amico, IBAN 6047 (EUR)",G-SEXP5CYQ2ZYMWKELCUEQB2GVXYIFIGK2,EUR,,197.58,,,,,,
05/03/2026,,Prenotazione,HMEJT9PANF,04/24/2026,05/02/2026,05/09/2026,7,Canberk Susuzluoglu,Massimo's room,,,EUR,252.65,,"9,60",,20.00,262.25,16.00,2026
05/03/2026,,Ritenuta fiscale per il reddito italiano,HMEJT9PANF,04/24/2026,05/02/2026,05/09/2026,7,Canberk Susuzluoglu,Massimo's room,,,EUR,-55.07,,0.00,,0.00,,0.00,2026
05/02/2026,05/08/2026,Payout,,,,,,,,"Trasferimento a Rosa Amico, IBAN 6047 (EUR)",G-EQBWDAC3R6CW2DDG4CIMN7E3EEVM5IQZ,EUR,,61.78,,,,,,
05/02/2026,,Ritenuta fiscale per il reddito italiano,HMBJ2NEBNW,04/29/2026,05/01/2026,05/03/2026,2,Léa Lauze,Cathedral's room,,,EUR,-17.22,,0.00,,0.00,,0.00,2026
05/02/2026,,Prenotazione,HMBJ2NEBNW,04/29/2026,05/01/2026,05/03/2026,2,Léa Lauze,Cathedral's room,,,EUR,79.00,,"3,00",,10.00,82.00,8.00,2026
05/02/2026,05/08/2026,Payout,,,,,,,,"Trasferimento a Rosa Amico, IBAN 6047 (EUR)",G-YE6IHRFBNNXE2THECDKUHXE5ZD4SCIHC,EUR,,36.16,,,,,,
05/02/2026,,Prenotazione,HMRTRFZATA,04/27/2026,05/01/2026,05/02/2026,1,Carlo Zanini,Massimo's room,,,EUR,46.24,,"1,76",,10.00,48.00,4.00,2026
05/02/2026,,Ritenuta fiscale per il reddito italiano,HMRTRFZATA,04/27/2026,05/01/2026,05/02/2026,1,Carlo Zanini,Massimo's room,,,EUR,-10.08,,0.00,,0.00,,0.00,2026
04/28/2026,05/05/2026,Payout,,,,,,,,"Trasferimento a Rosa Amico, IBAN 6047 (EUR)",G-WWBLGE3BHXS6Q6GUZPMYBHLCFYMEHXMP,EUR,,27.12,,,,,,
04/28/2026,,Ritenuta fiscale per il reddito italiano,HMR3KYACST,04/27/2026,04/27/2026,04/28/2026,1,Richard Nyarko,Massimo's room,,,EUR,-7.56,,0.00,,0.00,,0.00,2026
04/28/2026,,Prenotazione,HMR3KYACST,04/27/2026,04/27/2026,04/28/2026,1,Richard Nyarko,Massimo's room,,,EUR,34.68,,"1,32",,10.00,36.00,4.00,2026
04/19/2026,04/24/2026,Payout,,,,,,,,"Trasferimento a Rosa Amico, IBAN 6047 (EUR)",G-PRFLQ32DCQYADQJVWORGXNYMBPFTCESQ,EUR,,239.81,,,,,,
04/19/2026,,Prenotazione,HMYQMTX28R,04/11/2026,04/18/2026,04/27/2026,9,Christine Madanat,Massimo's room,,,EUR,306.65,,"11,65",,20.00,318.30,16.00,2026
04/19/2026,,Ritenuta fiscale per il reddito italiano,HMYQMTX28R,04/11/2026,04/18/2026,04/27/2026,9,Christine Madanat,Massimo's room,,,EUR,-66.84,,0.00,,0.00,,0.00,2026
04/17/2026,04/24/2026,Payout,,,,,,,,"Trasferimento a Rosa Amico, IBAN 6047 (EUR)",G-QE2EO336ADXNXXWAIIPCMM6CMOGNR4F6,EUR,,406.57,,,,,,
04/17/2026,,Prenotazione,HMNM9QKCXK,04/14/2026,04/16/2026,04/30/2026,14,Jonathan Salinas,Cathedral's room,,,EUR,519.90,,"19,75",,20.00,539.65,16.00,2026
04/17/2026,,Ritenuta fiscale per il reddito italiano,HMNM9QKCXK,04/14/2026,04/16/2026,04/30/2026,14,Jonathan Salinas,Cathedral's room,,,EUR,-113.33,,0.00,,0.00,,0.00,2026
04/15/2026,04/22/2026,Payout,,,,,,,,"Trasferimento a Rosa Amico, IBAN 6047 (EUR)",G-J37UEHMT5ZZT4BUFI6C7X6KONNO6T7AT,EUR,,51.23,,,,,,
04/15/2026,,Ritenuta fiscale per il reddito italiano,HMMBPFZTA5,04/07/2026,04/14/2026,04/16/2026,2,Jiangang Wang,Massimo's room,,,EUR,-14.28,,0.00,,0.00,,0.00,2026
04/15/2026,,Prenotazione,HMMBPFZTA5,04/07/2026,04/14/2026,04/16/2026,2,Jiangang Wang,Massimo's room,,,EUR,65.51,,"2,49",,10.00,68.00,8.00,2026
04/08/2026,04/15/2026,Payout,,,,,,,,"Trasferimento a Rosa Amico, IBAN 6047 (EUR)",G-6LH2JFDDXHESUV7OOBGLF47BCR2FGVJZ,EUR,,116.02,,,,,,
04/08/2026,,Prenotazione,HMCC33CNWY,04/05/2026,04/07/2026,04/12/2026,5,Francisco Dias,Massimo's room,,,EUR,148.36,,"5,64",,20.00,154.00,16.00,2026
04/08/2026,,Ritenuta fiscale per il reddito italiano,HMCC33CNWY,04/05/2026,04/07/2026,04/12/2026,5,Francisco Dias,Massimo's room,,,EUR,-32.34,,0.00,,0.00,,0.00,2026
04/06/2026,04/13/2026,Payout,,,,,,,,"Trasferimento a Rosa Amico, IBAN 6047 (EUR)",G-2B4VOUNYDBLMZHIWMTTMTDENYTHBZXVP,EUR,,47.46,,,,,,
04/06/2026,,Prenotazione,HMMXW9CFNP,04/03/2026,04/05/2026,04/07/2026,2,Annastina Mikkilä,Massimo's room,,,EUR,60.69,,"2,31",,10.00,63.00,8.00,2026
04/06/2026,,Ritenuta fiscale per il reddito italiano,HMMXW9CFNP,04/03/2026,04/05/2026,04/07/2026,2,Annastina Mikkilä,Massimo's room,,,EUR,-13.23,,0.00,,0.00,,0.00,2026
04/05/2026,04/10/2026,Payout,,,,,,,,"Trasferimento a Rosa Amico, IBAN 6047 (EUR)",G-TYHLGEMV73YUVNF4LH3E3NKRMJISOFAR,EUR,,52.74,,,,,,
04/05/2026,,Prenotazione,HMEA4NRA8Z,04/04/2026,04/04/2026,04/06/2026,2,Aby Méndez La Madera Está,Cathedral's room,,,EUR,67.44,,"2,56",,10.00,70.00,8.00,2026
04/05/2026,,Ritenuta fiscale per il reddito italiano,HMEA4NRA8Z,04/04/2026,04/04/2026,04/06/2026,2,Aby Méndez La Madera Está,Cathedral's room,,,EUR,-14.70,,0.00,,0.00,,0.00,2026
04/04/2026,04/10/2026,Payout,,,,,,,,"Trasferimento a Rosa Amico, IBAN 6047 (EUR)",G-SRQQZ36BW5XWKHYOH4Z7GDMYJPB72ZW3,EUR,,26.37,,,,,,
04/04/2026,,Ritenuta fiscale per il reddito italiano,HMPP42HEHY,04/01/2026,04/03/2026,04/04/2026,1,Undine Günther,Massimo's room,,,EUR,-7.35,,0.00,,0.00,,0.00,2026
04/04/2026,,Prenotazione,HMPP42HEHY,04/01/2026,04/03/2026,04/04/2026,1,Undine Günther,Massimo's room,,,EUR,33.72,,"1,28",,10.00,35.00,4.00,2026
09/24/2025,10/01/2025,Payout,,,,,,,,"Trasferimento a Rosa Amico, IBAN 6047 (EUR)",G-YBM3MZQOBE7ON3IQ5Z43N6Y5NBHQ3EH2,EUR,,37.06,,,,,,
09/24/2025,,Prenotazione,HMCYNK9QBK,09/23/2025,09/23/2025,09/24/2025,1,Pat Humpel,Massimo's room,,,EUR,47.56,,"2,44",,10.00,50.00,4.00,2025
09/24/2025,,Ritenuta fiscale per il reddito italiano,HMCYNK9QBK,09/23/2025,09/23/2025,09/24/2025,1,Pat Humpel,Massimo's room,,,EUR,-10.50,,0.00,,0.00,,0.00,2025
09/21/2025,09/26/2025,Payout,,,,,,,,"Trasferimento a Rosa Amico, IBAN 6047 (EUR)",G-CPIZATVHZYTDXZO2CPI57J7QVUN6OMEQ,EUR,,92.65,,,,,,
09/21/2025,,Prenotazione,HMWT988X98,09/01/2025,09/20/2025,09/23/2025,3,Pat Humpel,Massimo's room,,,EUR,118.90,,"6,10",,20.00,125.00,12.00,2025
09/21/2025,,Ritenuta fiscale per il reddito italiano,HMWT988X98,09/01/2025,09/20/2025,09/23/2025,3,Pat Humpel,Massimo's room,,,EUR,-26.25,,0.00,,0.00,,0.00,2025
09/20/2025,09/26/2025,Payout,,,,,,,,"Trasferimento a Rosa Amico, IBAN 6047 (EUR)",G-KTKTCXYG2JXEUVXUBLGV2RZY55EBTZ75,EUR,,67.81,,,,,,
09/20/2025,,Prenotazione,HMN4DNYZ9T,09/19/2025,09/19/2025,09/21/2025,2,Jakob Loth,Cathedral's room,,,EUR,86.71,,"3,29",,10.00,90.00,8.00,2025
09/20/2025,,Ritenuta fiscale per il reddito italiano,HMN4DNYZ9T,09/19/2025,09/19/2025,09/21/2025,2,Jakob Loth,Cathedral's room,,,EUR,-18.90,,0.00,,0.00,,0.00,2025
09/12/2025,09/19/2025,Payout,,,,,,,,"Trasferimento a Rosa Amico, IBAN 6047 (EUR)",G-3E4BLZMOATEKELV2Q7UMG2Y44EIJ7N5M,EUR,,105.48,,,,,,
09/12/2025,,Ritenuta fiscale per il reddito italiano,HMKZFQBH5R,09/09/2025,09/11/2025,09/14/2025,3,Dave Evans,Cathedral's room,,,EUR,-29.40,,0.00,,0.00,,0.00,2025
09/12/2025,,Prenotazione,HMKZFQBH5R,09/09/2025,09/11/2025,09/14/2025,3,Dave Evans,Cathedral's room,,,EUR,134.88,,"5,12",,20.00,140.00,12.00,2025
09/11/2025,09/18/2025,Payout,,,,,,,,"Trasferimento a Rosa Amico, IBAN 6047 (EUR)",G-YBL67R7JF3RIY6UG4NZWGKK6JWRD5OGE,EUR,,37.67,,,,,,
09/11/2025,,Prenotazione,HMDYRWN4YA,09/05/2025,09/10/2025,09/11/2025,1,Камила Молчанова,Cathedral's room,,,EUR,48.17,,"1,83",,10.00,50.00,4.00,2025
09/11/2025,,Ritenuta fiscale per il reddito italiano,HMDYRWN4YA,09/05/2025,09/10/2025,09/11/2025,1,Камила Молчанова,Cathedral's room,,,EUR,-10.50,,0.00,,0.00,,0.00,2025
09/03/2025,09/10/2025,Payout,,,,,,,,"Trasferimento a Rosa Amico, IBAN 6047 (EUR)",G-AE6EOEINNVGOFT42C7UUSJIERL2JVJSS,EUR,,67.81,,,,,,
09/03/2025,,Prenotazione,HM2RS85F5S,09/01/2025,09/02/2025,09/04/2025,2,Jasleen Walia,Cathedral's room,,,EUR,86.71,,"3,29",,10.00,90.00,8.00,2025
09/03/2025,,Ritenuta fiscale per il reddito italiano,HM2RS85F5S,09/01/2025,09/02/2025,09/04/2025,2,Jasleen Walia,Cathedral's room,,,EUR,-18.90,,0.00,,0.00,,0.00,2025
09/01/2025,09/05/2025,Payout,,,,,,,,"Trasferimento a Rosa Amico, IBAN 6047 (EUR)",G-GYKD4E5YGFBVHEDFEFYD6RTN2BRPDNHQ,EUR,,63.52,,,,,,
09/01/2025,,Modifica Risolutiva,HM3TQJ5YSY,,08/12/2025,08/18/2025,6,Michael ,Pretoria's house,Correzione per la risoluzione 17559351740534,,EUR,-150.00,,,,,-150.00,,2025
09/01/2025,,Ritenuta fiscale per il reddito italiano,HMC2NBS3K2,08/27/2025,08/27/2025,08/31/2025,4,Eleonora Rouz,Massimo's room,,,EUR,-33.60,,0.00,,0.00,,0.00,2025
09/01/2025,,Prenotazione,HMC2NBS3K2,08/27/2025,08/27/2025,08/31/2025,4,Eleonora Rouz,Massimo's room,,,EUR,152.19,,"7,81",,20.00,160.00,16.00,2025
09/01/2025,,Prenotazione,HMZW3TCPED,08/27/2025,08/30/2025,09/02/2025,3,Damiana P. Holder,Cathedral's room,,,EUR,121.39,,"4,61",,20.00,126.00,12.00,2025
09/01/2025,,Ritenuta fiscale per il reddito italiano,HMZW3TCPED,08/27/2025,08/30/2025,09/02/2025,3,Damiana P. Holder,Cathedral's room,,,EUR,-26.46,,0.00,,0.00,,0.00,2025
08/21/2025,08/28/2025,Payout,,,,,,,,"Trasferimento a Rosa Amico, IBAN 6047 (EUR)",G-7LEK6IMMRI4ENNNGK6ZCD4AVC6SB35SS,EUR,,170.48,,,,,,
08/21/2025,,Ritenuta fiscale per il reddito italiano,HMBZ5XNS4T,08/07/2025,08/20/2025,08/26/2025,6,Victoire Samsenni,Massimo's room,,,EUR,-48.30,,0.00,,0.00,,0.00,2025
08/21/2025,,Prenotazione,HMBZ5XNS4T,08/07/2025,08/20/2025,08/26/2025,6,Victoire Samsenni,Massimo's room,,,EUR,218.78,,"11,22",,20.00,230.00,16.00,2025
08/18/2025,08/25/2025,Payout,,,,,,,,"Trasferimento a Rosa Amico, IBAN 6047 (EUR)",G-W4TQNTVZBE5PJ3JA53UGOQNOYREW4X6U,EUR,,93.39,,,,,,
08/18/2025,,Ritenuta fiscale per il reddito italiano,HMTF3CJT3Y,08/16/2025,08/17/2025,08/20/2025,3,Sarah Pfeilmaier,Massimo's room,,,EUR,-26.46,,0.00,,0.00,,0.00,2025
08/18/2025,,Prenotazione,HMTF3CJT3Y,08/16/2025,08/17/2025,08/20/2025,3,Sarah Pfeilmaier,Massimo's room,,,EUR,119.85,,"6,15",,20.00,126.00,12.00,2025
08/16/2025,08/22/2025,Payout,,,,,,,,"Trasferimento a Rosa Amico, IBAN 6047 (EUR)",G-GH5GXRXE7Z2QOOTRHCD3YWMFY3KI7DEM,EUR,,191.13,,,,,,
08/16/2025,,Ritenuta fiscale per il reddito italiano,HMCHSQ4SRH,07/30/2025,08/15/2025,08/22/2025,7,Bartosz Grzeszczuk,Cathedral's room,,,EUR,-53.28,,0.00,,0.00,,0.00,2025
08/16/2025,,Prenotazione,HMCHSQ4SRH,07/30/2025,08/15/2025,08/22/2025,7,Bartosz Grzeszczuk,Cathedral's room,,,EUR,244.41,,"9,28",,20.00,253.70,16.00,2025
08/15/2025,08/22/2025,Payout,,,,,,,,"Trasferimento a Rosa Amico, IBAN 6047 (EUR)",G-X4D6WWQDEUHFIVIMZB7ZC6JXGHZWMRJU,EUR,,214.95,,,,,,
08/15/2025,,Ritenuta fiscale per il reddito italiano,HMJHWDEDH3,08/14/2025,08/14/2025,08/17/2025,3,Ani Nadiradze,Pretoria's house,,,EUR,-60.90,,0.00,,0.00,,0.00,2025
08/15/2025,,Prenotazione,HMJHWDEDH3,08/14/2025,08/14/2025,08/17/2025,3,Ani Nadiradze,Pretoria's house,,,EUR,275.85,,"14,15",,20.00,290.00,36.00,2025
08/14/2025,08/21/2025,Payout,,,,,,,,"Trasferimento a Rosa Amico, IBAN 6047 (EUR)",G-YSG3LJAJQ36PGTQZZI7QWANAZDXDQP6C,EUR,,103.77,,,,,,
08/14/2025,,Ritenuta fiscale per il reddito italiano,HMKS9WA8F9,07/23/2025,08/13/2025,08/17/2025,4,Anaëlle Thieffry,Massimo's room,,,EUR,-29.40,,0.00,,0.00,,0.00,2025
08/14/2025,,Prenotazione,HMKS9WA8F9,07/23/2025,08/13/2025,08/17/2025,4,Anaëlle Thieffry,Massimo's room,,,EUR,133.17,,"6,83",,20.00,140.00,16.00,2025
08/13/2025,08/20/2025,Payout,,,,,,,,"Trasferimento a Rosa Amico, IBAN 6047 (EUR)",G-IW3WLKBMO7LQ3DOHTHPYILQWS2U2JUEC,EUR,,207.54,,,,,,
08/13/2025,,Prenotazione,HM3TQJ5YSY,08/12/2025,08/12/2025,08/18/2025,6,Michael ,Pretoria's house,,,EUR,266.34,,"13,66",,10.00,280.00,48.00,2025
08/13/2025,,Ritenuta fiscale per il reddito italiano,HM3TQJ5YSY,08/12/2025,08/12/2025,08/18/2025,6,Michael ,Pretoria's house,,,EUR,-58.80,,0.00,,0.00,,0.00,2025
08/10/2025,08/15/2025,Payout,,,,,,,,"Trasferimento a Rosa Amico, IBAN 6047 (EUR)",G-P3TY3UIFELYMHJFM6EJUBBTMDIXBD6LM,EUR,,59.30,,,,,,
08/10/2025,,Prenotazione,HMNREEBMZM,08/09/2025,08/09/2025,08/11/2025,2,Giuseppe Lombardo,Massimo's room,,,EUR,76.10,,"3,90",,10.00,80.00,8.00,2025
08/10/2025,,Ritenuta fiscale per il reddito italiano,HMNREEBMZM,08/09/2025,08/09/2025,08/11/2025,2,Giuseppe Lombardo,Massimo's room,,,EUR,-16.80,,0.00,,0.00,,0.00,2025
08/06/2025,08/13/2025,Payout,,,,,,,,"Trasferimento a Rosa Amico, IBAN 6047 (EUR)",G-OHHRP35H573MISBKGPALAE3D4RU62UMB,EUR,,33.35,,,,,,
08/06/2025,,Ritenuta fiscale per il reddito italiano,HMDDWM4K59,08/05/2025,08/05/2025,08/06/2025,1,Amanda Han,Massimo's room,,,EUR,-9.45,,0.00,,0.00,,0.00,2025
08/06/2025,,Prenotazione,HMDDWM4K59,08/05/2025,08/05/2025,08/06/2025,1,Amanda Han,Massimo's room,,,EUR,42.80,,"2,20",,10.00,45.00,4.00,2025
06/07/2025,06/13/2025,Payout,,,,,,,,"Trasferimento a Rosa Amico, IBAN 6047 (EUR)",G-XTQWDAH4MBPXWVHHEY2PQCTGQL6F7STS,EUR,,904.08,,,,,,
06/07/2025,,Prenotazione,HM8HTBET4R,05/23/2025,06/03/2025,06/13/2025,10,Tecnopi Sas Di Marsico Gianni,Pretoria's house,,,EUR,1156.08,,"43,92",,30.00,1200.00,8.00,2025
06/07/2025,,Ritenuta fiscale per il reddito italiano,HM8HTBET4R,05/23/2025,06/03/2025,06/13/2025,10,Tecnopi Sas Di Marsico Gianni,Pretoria's house,,,EUR,-252.00,,0.00,,0.00,,0.00,2025
